,noisy,noisy,noisy,noisy,noisy,noisy,quiet,quiet,quiet,quiet,quiet,quiet,overall,overall,overall,overall,overall,overall
,fixations_on_face,fixations_on_face,saccades,saccades,blinks,blinks,fixations_on_face,fixations_on_face,saccades,saccades,blinks,blinks,fixations_on_face,fixations_on_face,saccades,saccades,blinks,blinks
,quantity,duration,quantity,duration,quantity,duration,quantity,duration,quantity,duration,quantity,duration,quantity,duration,quantity,duration,quantity,duration
3,658.0,0.8055685326200608,656.0,0.07936776156097561,173.0,0.4202532716763006,654.0,0.8940021630825687,652.0,0.07374171563190185,158.0,0.4118178924050633,1312.0,0.8496505404878049,1308.0,0.07656334111314986,331.0,0.4162267160120846
4,900.0,0.541501237831111,896.0,0.10286953683035716,377.0,0.3726860079575597,863.0,0.6120458110011587,864.0,0.12032526851851852,392.0,0.37155320663265307,1763.0,0.5760332665581396,1760.0,0.11143871420454546,769.0,0.3721085591677503
5,878.0,0.5588553536560364,879.0,0.10190474857792947,288.0,0.3634289131944444,902.0,0.5890068277849224,902.0,0.11424115853658535,339.0,0.36693005899705017,1780.0,0.5741343590853933,1781.0,0.10815261033127457,627.0,0.3653218771929824
average,812.0,0.6353083747024028,810.3333333333334,0.09471401565642075,279.3333333333333,0.3854560642761016,806.3333333333334,0.6983516006228833,806.0,0.10276938089566857,296.3333333333333,0.38343371934492215,1618.3333333333333,0.6666060553771126,1616.3333333333333,0.09871822188298995,575.6666666666666,0.38455238412427245
std_dev,109.26420578884316,0.12060039348920223,109.35060839133706,0.010858586162249073,83.50781733200525,0.024893877199058057,108.88628114791238,0.1386651978207533,109.99393922697135,0.02067539780458942,100.18094740130091,0.020159188703023665,216.7215315150348,0.12943431824539772,218.19308472594227,0.015723203153531932,182.45973680665978,0.022567856765188778
